[
    {
        "firstName": "Ingaborg",
        "lastName": "Sothern",
        "email": "isothern0@usatoday.com"
    },
    {
        "firstName": "Emmery",
        "lastName": "Oppery",
        "email": "eoppery1@sphinn.com"
    },
    {
        "firstName": "Mitchael",
        "lastName": "Nimmo",
        "email": "mnimmo2@hostgator.com"
    },
    {
        "firstName": "Norman",
        "lastName": "Coatham",
        "email": "ncoatham3@dell.com"
    },
    {
        "firstName": "Ruprecht",
        "lastName": "Santi",
        "email": "rsanti4@huffingtonpost.com"
    },
    {
        "firstName": "Lief",
        "lastName": "Shiel",
        "email": "lshiel5@webnode.com"
    },
    {
        "firstName": "Claretta",
        "lastName": "Lawie",
        "email": "clawie6@vkontakte.ru"
    },
    {
        "firstName": "Allys",
        "lastName": "Wolters",
        "email": "awolters7@istockphoto.com"
    },
    {
        "firstName": "Dollie",
        "lastName": "Self",
        "email": "dself8@hhs.gov"
    },
    {
        "firstName": "Joshua",
        "lastName": "Demke",
        "email": "jdemke9@forbes.com"
    },
    {
        "firstName": "Pepi",
        "lastName": "Oxbe",
        "email": "poxbea@google.ru"
    },
    {
        "firstName": "Hannah",
        "lastName": "Mabbs",
        "email": "hmabbsb@scientificamerican.com"
    },
    {
        "firstName": "Jordanna",
        "lastName": "Degoy",
        "email": "jdegoyc@baidu.com"
    },
    {
        "firstName": "Kenny",
        "lastName": "Figure",
        "email": "kfigured@berkeley.edu"
    },
    {
        "firstName": "Sherwin",
        "lastName": "Eisikowitch",
        "email": "seisikowitche@ca.gov"
    },
    {
        "firstName": "Andrea",
        "lastName": "Jiggen",
        "email": "ajiggenf@blogs.com"
    },
    {
        "firstName": "Griff",
        "lastName": "Clerk",
        "email": "gclerkg@usda.gov"
    },
    {
        "firstName": "Felipa",
        "lastName": "Huckerby",
        "email": "fhuckerbyh@huffingtonpost.com"
    },
    {
        "firstName": "Lilla",
        "lastName": "Naile",
        "email": "lnailei@theatlantic.com"
    },
    {
        "firstName": "Thomasina",
        "lastName": "Emlin",
        "email": "temlinj@icio.us"
    }
]